wi,partNumber,partRevision,title,operation,operationTitle,operationSummary,buyoffType,classification,stepTitle,instruction,requiresTooling,recordsTorque
TRN-1001,SR-IN-030,A,Training Bracket A installation (TRN-1001 practice WI),10,Kit and prepare,Pull the training kit and prepare the bracket parts,Technician,Manufacturing,Verify kit,Check the kit against the training pick list and confirm every bag is labeled TRN-1001,No,No
TRN-1001,SR-IN-030,A,Training Bracket A installation (TRN-1001 practice WI),10,Kit and prepare,Pull the training kit and prepare the bracket parts,Technician,Manufacturing,Deburr edges,"Deburr every cut edge of the bracket with the hand deburr tool, then wipe with IPA",No,No
TRN-1001,SR-IN-030,A,Training Bracket A installation (TRN-1001 practice WI),20,Install and torque,Fasten the bracket to the training plate,Technician,Manufacturing,Install fasteners,Install the four NAS bolts and washers finger tight in a cross pattern,Yes,No
TRN-1001,SR-IN-030,A,Training Bracket A installation (TRN-1001 practice WI),20,Install and torque,Fasten the bracket to the training plate,Technician,Manufacturing,Torque fasteners,Torque each bolt to 35 in-lb in a cross pattern and record the value and wrench tag,Yes,Yes
TRN-1001,SR-IN-030,A,Training Bracket A installation (TRN-1001 practice WI),20,Install and torque,Fasten the bracket to the training plate,Technician,Manufacturing,Apply torque stripe,Apply a torque stripe across each bolt head and the washer,Yes,No
TRN-1001,SR-IN-030,A,Training Bracket A installation (TRN-1001 practice WI),30,Final inspection,Inspect the installed bracket,Quality,Inspection,Visual check,"Check for burrs, scratches, missing torque stripes and loose hardware",No,No
TRN-1002,SR-HC-050,A,Training Harness B routing (TRN-1002 practice WI),10,Prepare harness,Lay out and check the training harness,Technician,Manufacturing,Lay out harness,Lay the harness on the training board and match each branch to the board drawing,No,No
TRN-1002,SR-HC-050,A,Training Harness B routing (TRN-1002 practice WI),10,Prepare harness,Lay out and check the training harness,Technician,Manufacturing,Check labels,Confirm every wire label matches the training wire list,No,No
TRN-1002,SR-HC-050,A,Training Harness B routing (TRN-1002 practice WI),20,Route and secure,Route the harness and secure it with P-clamps,Technician,Manufacturing,Route harness,Route the harness along the marked path with no sharp bends,Yes,No
TRN-1002,SR-HC-050,A,Training Harness B routing (TRN-1002 practice WI),20,Route and secure,Route the harness and secure it with P-clamps,Technician,Manufacturing,Install clamps,Install the P-clamps every 6 inches and torque the clamp screws to 12 in-lb,Yes,Yes
TRN-1002,SR-HC-050,A,Training Harness B routing (TRN-1002 practice WI),30,Continuity check,Check continuity of every wire,Technician,Manufacturing,Measure continuity,Measure continuity end to end on each wire with the multimeter and record any reading over 1 ohm,Yes,No
TRN-1002,SR-HC-050,A,Training Harness B routing (TRN-1002 practice WI),40,Final inspection,Inspect the routed harness,Quality,Inspection,Visual check,"Check clamp spacing, bend radius and label orientation",No,No
TRN-1003,SR-CT-220,A,Training Panel C assembly (TRN-1003 practice WI),10,Prepare panel,Clean and prepare the training panel,Technician,Manufacturing,Clean panel,Wipe the panel with IPA and let it dry for 5 minutes,Yes,No
TRN-1003,SR-CT-220,A,Training Panel C assembly (TRN-1003 practice WI),10,Prepare panel,Clean and prepare the training panel,Technician,Manufacturing,Measure holes,Measure the four mounting holes with the caliper and record the diameters,Yes,No
TRN-1003,SR-CT-220,A,Training Panel C assembly (TRN-1003 practice WI),20,Install switches,Install the switches on the panel,Technician,Manufacturing,Install switches,Install the three toggle switches with their lock washers,Yes,No
TRN-1003,SR-CT-220,A,Training Panel C assembly (TRN-1003 practice WI),20,Install switches,Install the switches on the panel,Technician,Manufacturing,Torque nuts,Torque each switch nut to 15 in-lb with the torque driver and record the value,Yes,Yes
TRN-1003,SR-CT-220,A,Training Panel C assembly (TRN-1003 practice WI),30,Final inspection,Inspect the panel,Quality,Inspection,Visual check,Check switch orientation and that the legend reads correctly,No,No
TRN-1004,SR-IH-040,A,Training Fixture D check (TRN-1004 practice WI),10,Measure fixture,Measure the training fixture,Technician,Manufacturing,Measure length,Measure the overall length with the caliper and record it,Yes,No
TRN-1004,SR-IH-040,A,Training Fixture D check (TRN-1004 practice WI),10,Measure fixture,Measure the training fixture,Technician,Manufacturing,Measure bore,Measure the locating bore with the micrometer and record it,Yes,No
TRN-1004,SR-IH-040,A,Training Fixture D check (TRN-1004 practice WI),20,Assemble locators,Install the locating pins,Technician,Manufacturing,Press pins,Press the two locating pins flush with the arbor press,Yes,No
TRN-1004,SR-IH-040,A,Training Fixture D check (TRN-1004 practice WI),20,Assemble locators,Install the locating pins,Technician,Manufacturing,Check pin height,Check each pin height with the height gauge,Yes,No
TRN-1004,SR-IH-040,A,Training Fixture D check (TRN-1004 practice WI),30,Final inspection,Inspect the fixture,Quality,Inspection,Dimensional check,Check the recorded dimensions against the training drawing limits,No,No
TRN-1005,SR-DI-090,A,Training Mount E assembly (TRN-1005 practice WI),10,Prepare mount,Prepare the training display mount,Technician,Manufacturing,Deburr mount,Deburr the mount slots and wipe with IPA,No,No
TRN-1005,SR-DI-090,A,Training Mount E assembly (TRN-1005 practice WI),20,Install hardware,Install and torque the mount hardware,Technician,Manufacturing,Install screws,Install the six mount screws with thread locker,Yes,No
TRN-1005,SR-DI-090,A,Training Mount E assembly (TRN-1005 practice WI),20,Install hardware,Install and torque the mount hardware,Technician,Manufacturing,Torque screws,Torque each screw to 20 in-lb and record the value and wrench tag,Yes,Yes
TRN-1005,SR-DI-090,A,Training Mount E assembly (TRN-1005 practice WI),30,Final inspection,Inspect the mount,Quality,Inspection,Visual check,Check thread locker coverage and that no screw is cross-threaded,No,No
