masterWI,wiRevision,pedigree,subcategory,quantity,aircraft,site,start,due,fai,faiWaiver
MWI-0011,A,Production,FAI,1,C3,HHR,2036-10-05,2036-10-09,,
MWI-0012,A,Production,FAI,1,C3,HHR,2036-10-05,2036-10-09,,
MWI-0013,A,Production,FAI,1,C4,CMA,2036-10-06,2036-10-13,,
MWI-0014,A,Development,Inspection,1,C4,HHR,2036-10-06,2036-10-08,,
MWI-0015,A,Production,Mfg.,2,C3,NASH,2036-10-07,2036-10-14,No,Training only: first article covered by the instructor demo order
MWI-0011,A,Production,Mfg.,4,C3,HHR,2036-10-12,2036-10-19,,
MWI-0011,A,Production,Installation,2,C5,CMA,2036-10-13,2036-10-20,,
MWI-0011,A,Development,Mfg.,1,C4,,2036-10-14,2036-10-16,,
MWI-0011,A,Production,Mfg.,6,C3,MAPLE,2036-10-19,2036-10-30,,
MWI-0011,A,Development NFF,Mfg.,1,C2,HHR,2036-10-20,2036-10-22,,
MWI-0011,A,Production,Mfg.,3,C5,NASH,2036-11-02,2036-11-09,,
MWI-0012,A,Production,Mfg.,5,C3,HHR,2036-10-12,2036-10-23,,
MWI-0012,A,Production,Installation,2,C4,CMA,2036-10-14,2036-10-21,,
MWI-0012,A,Development,Mfg.,1,C4,,2036-10-15,2036-10-19,,
MWI-0012,A,Production,Mfg.,8,C5,MAPLE,2036-10-26,2036-11-13,,
MWI-0012,A,Production,Maintenance,1,C3,HHR,2036-11-04,2036-11-06,,
MWI-0012,A,Production,Mfg.,4,C3,NASH,2036-11-16,2036-11-25,Yes,
MWI-0013,A,Production,Mfg.,3,C4,CMA,2036-10-13,2036-10-20,,
MWI-0013,A,Production,Mfg.,10,C3,HHR,2036-10-19,2036-11-06,,
MWI-0013,A,Development,Installation,1,C5,,2036-10-21,2036-10-23,,
MWI-0013,A,Development NFF,Mfg.,2,C2,CMA,2036-10-28,2036-11-02,,
MWI-0013,A,Production,Mfg.,5,C5,MAPLE,2036-11-09,2036-11-20,,
MWI-0014,A,Development,Mfg.,1,C4,HHR,2036-10-12,2036-10-14,,
MWI-0014,A,Development,Inspection,2,C5,NASH,2036-10-20,2036-10-23,,
MWI-0014,A,Development NFF,Inspection,1,C2,,2036-10-27,2036-10-28,,
MWI-0014,A,Development,Mfg.,3,C3,CMA,2036-11-03,2036-11-10,,
MWI-0015,A,Production,Mfg.,4,C3,HHR,2036-10-14,2036-10-21,,
MWI-0015,A,Production,Installation,2,C4,CMA,2036-10-21,2036-10-28,,
MWI-0015,A,Development,Mfg.,1,C5,,2036-10-26,2036-10-28,,
MWI-0015,A,Production,Mfg.,6,C3,MAPLE,2036-11-11,2036-11-24,,
